ResponseId,Consent,Q1,Q2,3,Q4,Q5,Q6,Q7,Q8,Q9,Q10,Q11,Q12,Q13,Q14,Q15,Q16,Q17,Q18,Q19,Q20,Q21,Q22,Q23
Response ID,"RPIS/Consent - Anonymous online survey

Research Project Information Sheet

Research Project Title : Why are people the weakest link in Password Security ? 

Ethics Approval Number: S262213



Research Team Contact Details

Chief Investigator                                                           Student Investigator

Associate Professor Anthony Bedford                              Randal Nelson

University of the Sunshine Coast (UniSC)                        Email: ran009@student.usc.edu.au

Email: abedford@usc.edu.au





Project Description
The purpose of this research project is to understand why passwords continue to be major weaknesses in online security. The study focuses on how people choose and manage their passwords, how often passwords are reused and whether security tools such as multi factor authentication (MFA) and password manager are used. If you are 18 years of age or older and use online accounts protected by password, you are invited to take part in this research project. There are no additional exclusions criteria. This project is not funded by any external organisation and is being conducted as part of a university of sunshine coast coursework dissertation. No third parties will have access to individual responses, and no organisation will know who has chosen to participate.


Participation

If you agree to participate in this research project, you will be asked to complete an anonymous online survey. The survey will take approximately 5 -7 minutes. Your participation is voluntary. You may stop the survey at any time by closing your browser. If you exit the survey before submitting it, your responses will not be saved. Once the survey is submitted, responses cannot be withdrawn, because they are anonymous no answers will be identifiable to a person.


Consent

Consent to participate will be confirmed before progressing to the survey. Consent is for data and information to be collected, stored, and used in analysis and publications in a non-identifiable format. You will be asked to consent to the use of your data and information for this project only.


Risks and Benefits

There is no anticipated risk associated with participating in this research. Some people may feel mild discomfort when reflecting on their online security habits. There are no anticipated risks associated with your participation. Sometimes thinking about the themes presented in this survey can create uncomfortable or distressing feelings. If you need to talk to someone you may wish to contact family or friends/your General Practitioner/your Employee Assistance Program/ UniSC Student Wellbeing (5430 1226)/Lifeline (131114)/Beyond Blue (1300 224 636)/other participant specific resource/service.


Privacy, Confidentiality and Results

Any data collected as a part of this research project will be stored securely as per UniSC’s Research Data Management Procedures. All comments and responses will be treated confidentially unless required by law. The results of this research project may be presented at external or internal conferences or meetings, or by publication. If you would like a summary of findings of this research project, please contact the Chief Investigator (listed above).


Respectful Behaviour

UniSC prides itself on providing a safe environment to staff, students and visitors. It is expected that the research team and participants treat each other with respect. Aggressive, abusive, threatening, discriminatory, or offensive behaviour or language will not be tolerated. If unacceptable behaviour occurs, we will take steps to reduce any detrimental impact of such behaviour, which may include research participation being ceased.


Concerns or Complaints

If you have any concerns or complaints about the way this research project is being conducted, you may raise them with the Chief Investigator (listed above) or other accessible representative for international research. If you prefer an independent person, you may contact the Chair of the UniSC Human Research Ethics Committee: telephone +61 7 5430 2823; email humanethics@usc.edu.au).


                              Please save the information above if you choose to participate.



Preview of Consent form click below link

Consent



Consent question: I have read and understood the above project information. I consent to participate and for my data and information to be used:",Please tick the most appropriate option:,2. What is your age group ?,"3. In your opinion, what do you think the length of a password SHOULD be?","4. In your opinion, what do you think a password SHOULD usually include?",5. How often do you reuse the same passwords (e.g same password for multiple accounts) ?,Write your response here,7. How often do you reuse the same password but change characters/numbers/symbols ?,"8. In your own words what is a password Manager ?

    Write your response here","9. In your own words what is Multi Factor Authentication (MFA) ?

     Write you response here","10. In your own words what is a Cyber Attack ?

      Write you response here",11. Where do you currently store your passwords?,"12. Do you have any shared/common password with anyone? (such as friends, family or colleagues) ?","13. If yes, why do you have a common/shared password? (e.g. sharing same movie streaming account ?)

        Write you response here","14. Have you ever shared/told anyone your password? (e.g friends, family, colleagues etc)","15.If yes, why?

      Write your response here",16. How likely are you to use the same password for multiple accounts ?,17. How do you create your passwords/s ?,"18. If other

      Write you response here","Please watch the videos below (approx. 1 min each)


What is Muti Factor Authentication  ?






19.	After watching the video, how did your knowledge on Multi Factor Authentication change ?

      Write you response here","What are Password Managers ?







20.After watching the video, how did your knowledge on password manger change ?

      Write you response here","What is cyber attack ?







21. After watching the video, how did your knowledge on cyber attacks change ?

       Write you response here","Overall reflection questions



22. After completing this survey and watching the videos, do you think you will change how you manage your passwords?    Please explain why or why not ?

      Write you response here","23. How would you describe your overall awareness of password security and cyber threats now, compared to before you completed this survey/watching the videos?

    Write you response here"
"{""ImportId"":""_recordId""}","{""ImportId"":""QID34""}","{""ImportId"":""QID6""}","{""ImportId"":""QID7""}","{""ImportId"":""QID8""}","{""ImportId"":""QID9""}","{""ImportId"":""QID10""}","{""ImportId"":""QID12_TEXT""}","{""ImportId"":""QID13""}","{""ImportId"":""QID37_TEXT""}","{""ImportId"":""QID15_TEXT""}","{""ImportId"":""QID16_TEXT""}","{""ImportId"":""QID17""}","{""ImportId"":""QID38""}","{""ImportId"":""QID18_TEXT""}","{""ImportId"":""QID19""}","{""ImportId"":""QID20_TEXT""}","{""ImportId"":""QID21""}","{""ImportId"":""QID22""}","{""ImportId"":""QID23_TEXT""}","{""ImportId"":""QID28_TEXT""}","{""ImportId"":""QID29_TEXT""}","{""ImportId"":""QID30_TEXT""}","{""ImportId"":""QID31_TEXT""}","{""ImportId"":""QID32_TEXT""}"
R_9H8fF4zwiepCKCD,"Yes, I consent",Female,18-24,12-16 characters,"letters, numbers and symbols",Always,so its easy to remember ,Always,something that stores my passwords,two waqys to get into an acount,someone hacking me,I don't store my password anywhere,Yes,shared email address,Yes,i told my mum so she can access my accounts,Very likely,I create my own password,,it changed,def changed,not much,yes ill change by not reusing ,great survey!
R_4EJKFB7KljeKHiV,"Yes, I consent",Male,35-44,8-12 characters,letters and numbers,Often,,,,,,,,,,,,,,,,,,
R_4UW0Q8cnpyuLxzb,"Yes, I consent",Male,35-44,8-12 characters,letters and numbers,Sometimes,xzxzxz,Sometimes,asasasas,asasasas,asasasas,In a book/diary,No,zxzxzxzx,No,asasasa,Somewhat unlikely,I use password generation tool,asasa,AASASAS,ZZSASASA,ZXZXZXZXZ,XZXZXZXXZX,ZZZZzX
R_4kwcAgWEL6ZKlbM,"Yes, I consent",Female,25-34,8-12 characters,"letters, numbers and symbols",Sometimes,Easy to remember or for accounts that’s not that important ,often,A tool that stores passwords for you,Two points or more of authentication that enables and user to confirm the identity for the related account they are trying to enter,an attack in the form of fishing to Malwa or other software online to cause harm to others or organisations,on password Manager,Yes,Primarily for streaming services,Yes,"Limited resources at work, which meant you had to share your logins with colleagues",Somewhat likely,I create my own password,-,More awareness ,More awareness ,Different formats ,Yes as the world is getting more and more digital and online we are becoming more and more complacent as acceptable to cyber attacks as we continue to be negligent,Adequate
R_4DP5SF3OkaHDJZD,"Yes, I consent",Female,18-24,8-12 characters,"letters, numbers and symbols",Always,Because it’s easy to remember ,Always,It is something that stores my passwords for me ,Having a second way to log into my accounts or entering in a code as a second verification to get into my accounts ,When someone hacks into my accounts or hacks into my accounts and gets all my info ,on my phone notes app,Yes,Same movie streaming accounts and shared email address ,No,N/A,Very likely,I create my own password,N/A,Yes it changed because I realise now that it alerts me incase someone finds my passwords it alerts me and prevents them from getting in ,It changed because I realise that it’s a secure place to store my passwords so im not putting them in places easy for others to find ,Yes that there is multiple types of cyber attacks and that they can be really harmful ,Yes I think I will start to use a password manager and create different passwords for each account to ensure that each of my accounts will be secure. And also use MFA is possible ,I’m definitely more equipped to deal with my passwords and manage my accounts better 
R_4K3g9J0FCrYzd3T,"Yes, I consent",Male,25-34,8-12 characters,"letters, numbers and symbols",Sometimes,Lazyness,often,A place to securely store passwords and generate safe ones,A second form of password security ,A compromise or attempt to compromise the security of a system,on password Manager,Yes,Streaming,Yes,Account sharing ,Somewhat unlikely,I use password generation tool,NA,The same,Same,Same,Its hard to change old habits ,High
R_9qVcbuhWasQFRze,"Yes, I consent",Female,45-54,Less than 8 characters,"letters, numbers and symbols",Always,Forgetting passwords ,Always,Where all passwords are kept,Multiple ways to sign in,Unauthorised access ,on password Manager,No,,Yes,They need access and I agreed,Very likely,I create my own password,,Hasn’t changed,No,No change ,Maybe,Very aware
R_4naj4cfIDxjWHZv,"Yes, I consent",Male,45-54,8-12 characters,"letters, numbers and symbols",Sometimes,easy to remember,Sometimes,a tool to keep track of your user passwords. helps you manage passwords,verify someone's  request for authorization as legitimate.,"unauthorized access to processors or system with the aim of extorsion, theft or vandalism or deformation of an entity or destruction.",In a book/diary,No,na,No,na,very unlikely,I create my own password,na,yes,a tool to keep passwords secure,someone trying to cause disruption to your data or support services,no,well aware
R_9i2sBMOX6gWqkLS,"Yes, I consent",Male,45-54,8-12 characters,"letters, numbers and symbols",Never,Na,Never,A program that allows you to use a different strong password for everything.  The program is protected by one strong password that you remember.,"A second code that is sent to a device or synced with an authentication program. So the password is protected by also something you have, rather than only something you know.",Where a bad person compromises or attempts to compromise information or accounts that are not intended for them.,on password Manager,Yes,Joint or family account,Yes,For joint or family purposes.,very unlikely,I use password generation tool,Na ,No change,No change,Good information and added actionable guidance ,"I already have good password security, but improving by upping from 8 to 12 characters, and auditing old passwords that may have been in place before my current habits",My awareness was already strong as important for my work and an area of interest. But I did still pick up on some things that can be improved 
R_4EX0i6RiFyMWNvr,"Yes, I consent",Male,35-44,8-12 characters,"letters, numbers and symbols",Never,I don't ,Always,Manages multiple passwords ,Use multiple factors before authentication ,"An Intruder gaining access to a network where this intruder is not welcome and by doing so stealing data, money, etc. ",on password Manager,No,N/a,No,N/a,Somewhat likely,I create my own password,N/a,Did not change ,Did you change ,Did not change ,"No, I already know what to do ",Getting better 
R_47oZRduetcRei5K,"Yes, I consent",Female,55-64,Less than 8 characters,A passphrase,Sometimes,Because easy to remembrr,Sometimes,Who is in control of all the passwords,Find difficult to explain ,When the provider is in trouble and hacked ,In a book/diary,No,N/A,Yes,With my husband ,Somewhat unlikely,I create my own password,N/A ,Fewer headaches for the user ,Software ,Hacking all yiur data,Yes getting the relevant software to manage your passwords,Excellant 
R_9mxyIoDOYMu05xw,"Yes, I consent",Male,55-64,8-12 characters,"letters, numbers and symbols",Often,Easy,Sometimes,Software application that act as a secure vault.,Security measure requiring more proof of identity to access.,"Deliberate,, malicious attempt by hackers",In a book/diary,No,No i do not share,No,I dont share,very unlikely,I create my own password,I always create my own password,"Yes, it is good to have Multi Factor Authentication","Yes, its good","Yes, i want to change","Yes, it is a good way to secure cyber attacks. So thinking of changing my way of doing passwords.",Improved
R_4pzZPSEBmqhHB4n,"Yes, I consent",Female,35-44,12-16 characters,"letters, numbers and symbols",Often,Busy ,often,App that assists you with saving/remembering passwords ,Password protector,When you personal details are been exposed ,on password Manager,No,,Yes,Because they are family ,Very likely,I create my own password,,To be very mindful and careful with creating passwords ,Very well,Yes,Yes,Very aware
R_9NzRflRMQR2ze3T,"Yes, I consent",Female,35-44,8-12 characters,"letters, numbers and symbols",Sometimes,Low value / sensitive accounts ie store login,Sometimes,Secure tool that saves and generates passwords ,"Multiple ways to verify your Identity is face scan, pin, text push etc",Intentional access to obtain or damage information,on password Manager,No,N/A,No,N/A - never disclose passwords,very unlikely,I use password generation tool,,Much the same ,Much the same,The different types,No I manage them just fine ,Reaffirmed 
R_4OvstclxJSmipmM,"Yes, I consent",Female,25-34,8-12 characters,"letters, numbers and symbols",Sometimes,Easy to remember one more than multiple ,often,A place to keep passwords ,Multi login ie password plus sms code,People stealing large groups of data,on password Manager,No,N/a,Yes,Partner,Very likely,I create my own password,,None,None,None,Probably not I change them every 3 months ,Was arlredygood 
R_4pAtFyiAwUAmDz1,"Yes, I consent",Female,45-54,8-12 characters,letters and numbers,Often,Because it's easy to remember ,Always,I don't know ,Double security checks ,Someone hacking into a system ,In a book/diary,Yes,"Share for common reasons like for Netflix, home security access ",Yes,So they are aware of it and can access if they want ,Very likely,I create my own password,Na,Definitely increased to use it,I don't want to use a password manager ,It's definitely scary,Yes.... I will definitely change my passwords,Improved my knowledge 
R_4puqRM0phTKbHT7,"Yes, I consent",Male,over 65,Less than 8 characters,only letters,Always,Easy to remember ,Always,I don't know about it,Using two systems to access an account ,A hack,In a book/diary,Yes,Incase i forget my kids will remember ,Yes,So my kids will remember if I forget ,Very likely,I create my own password,Na,I should take the advantage to use it,It's too complicated for me ,Very dangerous ,I don't want to change anything now. I may forget ,Definitely learnt more and a great awareness about it
R_1sbWFNZYyV0SmLD,"Yes, I consent",Female,45-54,8-12 characters,"letters, numbers and symbols",Often,Ease of remembering ,Sometimes,Managers a list of accounts and corresponding passwords ,Confirming you are who you say you are. For instance getting a text to your phone with a number that you need to enter to a site to authenticate it is actually you. ,Someone getting access to your devises and data,on password Manager,Yes,"Kids accounts, streaming service subscriptions ",Yes,To give access,Somewhat likely,I create my own password,Na,I learnt the many ways authentications can be set up,Nothing,"No. I think I am aware of these things since my work provides trainings. However, these videos are wonderful tools to educate people. ",No. Already doing most. ,Same
R_9ycJv9Fp1RDAiR3,"Yes, I consent",Male,25-34,8-12 characters,"letters, numbers and symbols",Never,,Sometimes,"Keeps your passwords stored and lets you know when you change them. Also, suggests strong passwords to use",Multiple verifications to access your accounts ,Beaches in systems by hackers,on password Manager,No,,Yes,Sharing accounts ,very unlikely,I use password generation tool,,Validates identity without inconveniences in a multi factor manner ,Same as previously ,Learned new ways to prevent myself from cyberattacks ,Yes. I’ve been using a password manager but will make sure to include MFAs for all accounts ,Much more informed and better equipped 
R_9mL9SKWaSilNxoR,"Yes, I consent",Female,35-44,Less than 8 characters,letters and numbers,Always,Convenience ,Always,A form of security and  privacy protection ,A combination of security measures to maximise privacy and protection ,Misuse or abuse of private data,on password Manager,No,,Yes,For the purpose urgent accessibility ,very unlikely,I create my own password,,Solidified ,Importance was emphasised ,Voluminously,Perhaps I see more importance in it ,Sharpened and enhanced
R_4SU5pvg17w3oSt3,"Yes, I consent",Male,over 65,8-12 characters,"letters, numbers and symbols",Often,,often,This is a software tool which keeps securely any password for an individual with the idea of improving and protecting the security.,"This is when 2 or more methods are required to enable a user to enter a website or account, eg a password then a question.","This is a software attack on a computer, phone or tablet which compromises the security of an individual or site.",on password Manager,No,,Yes,In case they require the password to use the site.,Somewhat likely,I create my own password,,Defined exactly what MAF is and this is what I require.,An excellent video which has explained fully this concept.,"Learnt a lot from this video
",Need to strengthen my passwords to prevent cyberattacks,Much better and alert
R_4lgixcmhTAJz6fq,"Yes, I consent",Male,over 65,8-12 characters,"letters, numbers and symbols",Sometimes,Easier to remember,Sometimes,Not sure,Two types of authentication,Crikinals getting your information,I don't store my password anywhere,No,,No,,Somewhat likely,I create my own password,,Yes,Yes,Yes,Yes. Useful informationmuc,Much clearer
R_4rs1owOUY3HGyVX,"Yes, I consent",Male,18-24,More that 16 characters,"letters, numbers and symbols",Never,I use a password manager so no repeated passwords.,Never,A password vault that stores and encrypts all your passwords either locally or securely in the cloud.,"security system that requires two or more ways to verify your identity, like a password plus a code sent to your phone or a fingerprint scan.",Attack that is digital,on password Manager,No,,Yes,GF uses phone sometimes.,very unlikely,I use password generation tool,,Indifferent.,Indifferent.,Indifferent.,"No, as I already follow the best practices.",Indifferent.
R_4CWlQwXICmLS1DV,"Yes, I consent",Male,over 65,8-12 characters,"letters, numbers and symbols",Never,I use password generator app and remember the password to open that app.,Never,"It should be one of the most reliable app, so that I can use that for many of my online accounts.",It is good to have MFA to make our accounts more secure.,"Unauthorised access to my online accounts, by someone who does it for financial gain. ",on password Manager,No,No.,No,"I do not even know the my passwords, they are in a secured app.",very unlikely,I use password generation tool,No,I knew about this and I was using for if the account has this facility.,I was using a password manager many years.,I am and was aware of this and use my passwords in a very secure manner.,It has already been done subscribing to a password manager.,I knew about this problem and have already taken action to prevent it. 
R_45Qm6eA9su4UwZb,"Yes, I consent",Male,45-54,12-16 characters,"letters, numbers and symbols",Often,Ease of remembering,often,An application that manages user/passwords for me so that I do not have to remember each one.,"Authenticating my identity with multiple methods, e.g., a password and an SMS verification code.",A malicious entity that tries to disrupt online services by employing various attack vectors ,on password Manager,Yes,"Streaming account, wifi",Yes,Home wifi password with guests,Somewhat likely,I create my own password,,No change,No change,No change,"I use a password manager, and critical accounts have 2-factor MFA",No change
R_9snmIb4CksqQnId,"Yes, I consent",,,,,,,,,,,,,,,,,,,,,,,
R_9q2Ia0i9V4JsyEm,"Yes, I consent",Female,35-44,More that 16 characters,"letters, numbers and symbols",Sometimes,"Spaces where I am unable to have guaranteed access to my phone for password management, in my customer-facing work. I need to be able to remember it easily and three different passwords, so I will use a passphrase with letter/number substitutes. But it will be the same across three accounts on the same system",Sometimes,An secured app or platform used to keep a record of passwords for multiple logins. Ideally it can suggest strong passwords and encourage better security practices.,"A way of combining [a password] with a second layer of security [a token or authenticator app] to provide better security.  It should combine a mix of something you know (password), something you have (an authentication token/device) or something you are (biometrics).",A a deliberate attack designed to compromise digital security and the integrity of digital systems.,on password Manager,Yes,Streaming accounts - but only for shared accounts. That password is not used outside of those shared platforms,Yes,See Q13 answer - to facilitate sharing of streaming services ,Somewhat unlikely,I use password generation tool,N/a,,,,,
R_916hOU0jPF2jcqV,"Yes, I consent",,,,,,,,,,,,,,,,,,,,,,,
R_4risb4J5xtrSvU7,"Yes, I consent",Female,35-44,8-12 characters,"letters, numbers and symbols",Often,So I don’t get locked out of information I require,often,Software that manages my passwords,More than one security level,"Someone attempting to gain access to information that they would not otherwise be privy to, using online methods",on password Manager,No,,No,,Somewhat unlikely,I use password generation tool,,,,,,
R_9PQZFccSLlB6fS1,"Yes, I consent",Male,over 65,Less than 8 characters,"letters, numbers and symbols",Never,,Sometimes,"App that creates, saves and recalls random passwords",More than one different ways of proving your identity,"Criminal, malicious copy, removal or destruction of personal stored data and information without concent",on password Manager,Yes,Rarely for convenience,No,NA,very unlikely,other,All of the above,,,,,
R_9laoWD66ruWym6R,"Yes, I consent",Female,35-44,8-12 characters,letters and numbers,Sometimes,It’s just easier to remember. ,often,A program or app that manages all an individual’s passwords. ,Multiple points of confirmation ,When data is hacked or leaked without the knowledge of the person or entity it belongs to. ,on my phone notes app,No,N/a,No,N/a,Somewhat likely,I create my own password,N/a,No as I knew what it was just not how to word it. ,Just the bit about helping to generate secure passwords. ,How to protect yourself from a cyber attack.,I already use a similar system. ,Pretty good. 
R_4nNNlM3duOCAO0p,"Yes, I consent",Female,45-54,12-16 characters,"letters, numbers and symbols",Sometimes,East to remember. Password required for dozens if things I regularly use so having unique for each isn't reasible,often,Program that supports better password processes by storing ,Requiring more than one method to confirm access is by the correct person,When another party attempts to access private information they shouldn't have access to,In a book/diary,No,,Yes,Sharing access to the device,Somewhat likely,I create my own password,,No,No,No,No. Happy with current process. Have mfa on the important ones like financial. Will alter if risk assessment changes,Ok
R_9WTrfav3aUHnL0c,"Yes, I consent",Female,35-44,8-12 characters,"letters, numbers and symbols",Sometimes,Too many passwords to remember ,Sometimes,One depositlry of all accounts and passwords ,"Multi check of email, secret question, mobile sms, another backup email and random code generator. ",Could be a denial of access for users,on password Manager,No,,No,,Somewhat likely,I create my own password,,It didn't.,It didn't.,Thank you for the refresher.,Yes. I must review all accounts I have and delete or deactivate others.,Little better
R_9tEvLKNcpZpSlk3,"Yes, I consent",Male,55-64,8-12 characters,"letters, numbers and symbols",Often,Ease to remember ,often,A vault that stores your passwords,Having to authenticate with two forms of identification ,Online based attack,on password Manager,No,,Yes,To use my login on Facebook etc,Very likely,I create my own password,,I appreciate MFA,No,Yes,Yes it's best practice ,I am quite aware of this topic
R_9AzVCU5vZUofTsB,"Yes, I consent",Male,45-54,8-12 characters,letters and numbers,Always,To remember them,Always,It stores your passwords,A second form of identification check,Someone or thing attacking a site to steal something ,on password Manager,Yes,Makes it easy for us both to login,Yes,I trust them,Very likely,I create my own password,Sometimes iPhone generates them for me and saves in password manager,No,No,No,Not really. I know the risks but the password manager fails a lot of time and I login on different devices like the tv which doesn’t have my passwords stored. ,The same. I’m aware but not compelled to do more yet. 
R_9C1H2Fi4rBcIf9A,"Yes, I consent",Female,35-44,8-12 characters,"letters, numbers and symbols",Often,Easier to remember ,Never,A cloud space saving passwords,Using a second device e.g phone or authenticator app to supporting logging in via password on first device ,When data is hacked ,on password Manager,Yes,Sharing same streaming account ,Yes,Loaned device or account ,Very likely,I create my own password,,"I don't think the information differed greatly from my understanding, but included more advanced terminologies ","I don't think the information differed greatly from my understanding, but included more advanced terminologies ",I hadn't stated that it is usually a ransom situation ,I am trying to use strong passwords generated from password managers ,About the same
R_9cturJmBsb0G264,"Yes, I consent",Male,45-54,12-16 characters,A passphrase,Often,"I use the same or similar passwords on what I deem to be low risk accounts and unique passwords for banking, online shopping and emails.",often,"A application such as nordpass, LastPass ect that generates passwords and stores them in the applications secure storage. Ideally they then automatically fill in the password fields when logging into other applications.",Having a secondary form of authentication that is ideally something that only you would have access to like a mobile phone,A successful or unsuccessful unauthorised attempt to access a secure network or application. I could also be an attempt to disable a network or application ,on password Manager,Yes,I share some online shopping passwords with my family members to avoid double up accounts,Yes,So my family can all access the same online shopping account,Somewhat likely,I use password generation tool,,No,No,No,"No, I am comfortable with the risk I face with the password usage I have at the moment. All high risk accounts have strong unique passwords and mfa where it can be enabled ",About the same
R_42tvDLTx3zewlyG,"Yes, I consent",Male,25-34,8-12 characters,"letters, numbers and symbols",Always,It’s a strong password and easy for me to remember ,Sometimes,A secure app/software that houses username and passwords that are only accessible by high security (long password/pin/biometrics) ,Logging in with password then having to use some time  code from another secure app/software/text message to gain access to accounts,Someone or something trying to force its way into your accounts by hacking scamming ,on password Manager,No,,Yes,One time for them to log in on my account / shared almost all with my partner ,Very likely,I create my own password,,Slightly better overall understanding and new knowledge of different methods (swipe cards etc) but much the same ,Can generate highly secure passwords and stores them within an encrypted database ,Any type of untoward cyber activity can be classed as a cyber attack!,I will try to use the password manager more and allow it to create stronger passwords that I don’t have to remember!,Slightly more aware of the definitions and uses of MFA and password managers plus more aware of cyber attacks 
R_9pfPVPSEAhjB3rj,"Yes, I consent",Female,55-64,8-12 characters,"letters, numbers and symbols",Often,I can remember it. ,Never,Where all my passwords are saved,Don't know ,Where you computer has been hacked ,on password Manager,No,,Yes,Family.  Share subscriptions and trust them ,Very likely,I create my own password,,Access through multiple means ,Good,Didn't watch,No.  I still need to remember my password and I have alot of passwords ,Same
R_9Jo9JVaAlqFiXM5,"Yes, I consent",Male,55-64,12-16 characters,"letters, numbers and symbols",Never,na,Sometimes,to store passwords,i dont know,no clue,on my phone notes app,Yes,with family members,Yes,password for Netflix,very unlikely,I create my own password,na,now i understand,great video,very good video,yes improved ,yes improved
R_4kiUjiHSplYSM9d,"Yes, I consent",Male,45-54,8-12 characters,"letters, numbers and symbols",Always,Easy to remember ,Sometimes,Where you store your passwords for different applications,Need atleast minimum 2 way of confirming the authenticity of the user ,Where your data get stolen and misused to gain your informations ,on password Manager,No,N/a,Yes,Partner requiring access,Very likely,I create my own password,N/a,Nooe,No change ,No change,Sure might change my password regularly,Pretty good 
R_9rpRO2rjKKaMQTp,"Yes, I consent",Female,35-44,8-12 characters,"letters, numbers and symbols",Often,For memory purposes. ,often,A secret word used for access to private docs or apps. ,Multiple steps to be able to log into an app or website. ,Being hacked. ,I don't store my password anywhere,No,N/A,Yes,Only shared with family or someone I trust. ,Very likely,I create my own password,,Not much as I already knew what it was ,A lot. Did not know about password managers. ,Not much as I have already had knowledge on this subject. ,I will endeavour to use a password manager. ,Not so much awareness 
R_9wsAEwH5OL74eNb,"Yes, I consent",Female,55-64,Less than 8 characters,"letters, numbers and symbols",Always,Too lazy to types,Always,NA,Identify your self,Scam,In a book/diary,No,NA,Yes,Family ,Very likely,I create my own password,N:A,Very important ,To be more careful with my password ,To be careful ,Yes,Very careful 
R_4keas2Fu1gE9uJn,"Yes, I consent",Male,55-64,8-12 characters,"letters, numbers and symbols",Always,Easy to remember ,often,An application which generates and securely stores passwords.,Confirmation of a login using a password and at least another form of confirmation.,"An attack to obtain personal information including passwords, or disruption the functions of servers.",I don't store my password anywhere,Yes,"Family apps, calendars and storage.",No,,Very likely,I create my own password,,No,No,No,Maybe... lots of accounts make this complex task.,Very aware
R_8R7wYGYm6oUUxr2,"Yes, I consent",Female,35-44,8-12 characters,"letters, numbers and symbols",Always,"I tend to reuse because, passwords can easily be forgotten ; so am always careful not to loose any passwords in other not to be stressed.",Always,"A password manager is a tool that securely stores and manages my  passwords for various accounts (like social media, emails etc","Is a security factor that requires me to provide two or more authentication for verification such as my pin, password,, token etc","This is when someone tries to disrupt my computer system in other to steal data, information and cause confusion , this includes Malware and hacking etc.",I don't store my password anywhere,No,"I don’t share, passwords are meant to be personal, except it’s a common password shared in companies, organisations and industries.",Yes,I usually disclose my password to trusted family members incase of some emergency ,Very likely,I use password generation tool,,It actually changed a bit because I already have the knowledge and I also know the importance of MFA. The video is truly helpful ,"My approach to password manager changed greatly after watching this clip; I now know I don’t use a password that could be easily guessed by cyber criminals, unwanted persons as my password, that I can also use password manager to enable me save my password as not to forget In the future. ","It change greatly, because I now have the knowledge not to use a simple and easily guessed words that can attract the cyber criminals to my computer database, I have also learned how to properly protect my password to avoid being hacked and how I can also introduce anti- virus from time to time to keep my work and data safe.","Yes I will change on how i do manage my password, after this survey I have learnt that ; any password creation should both involve lower and upper case letters and also symbols; I have also learnt that I should have a password manager to help me create and save up my passwords for easy use and I have come to the conclusion not to have a weak password exposing my passwords,  my data and computer credentials to harm of the cyber criminals so as avoid hacking, malware of my data. I have also learnt that Two factor authenticating is paramount in all I do from hence forth. ",I will treat all with utmost importance 
R_9Vg5n2ENYYHOQ91,"Yes, I consent",Male,over 65,More that 16 characters,only symbols,Sometimes,N/A,Sometimes,N/A,N/A,Scam,on a sticky note,Yes,Movie ,Yes,N/A,Very likely,I use password generation tool,N/A,No,Yes,No,Yes,No
R_8et6z4xDtfgJ48X,"Yes, I consent",Female,35-44,8-12 characters,letters and numbers,Often,So I don’t forget ,often,The person in charge of the password ,It’s a security password ,Is a deliberate action by individuals ,on password Manager,No,,No,,Very likely,I create my own password,,It’s educated me more,I now have more idea,Very good ,Change ,I should make it more strong 
R_4FDEKlmQCCcIQBf,"Yes, I consent",Female,45-54,8-12 characters,"letters, numbers and symbols",Often,To try and assist with access to required sites.amd minimise risk of being unable to access personal information needed to exist. ,Sometimes,Device app such as keychain storing passwords and making them accessible if required. ,Multiple levels of security implemented prior to access to a site to ensure the correct person is accessing the relevant record. ,Attempted  breach or breach of personnel information. ,on password Manager,No,No,Yes,Sometimes with family information is shared to allow them access to complete tasks due to personal circumstances. ,Very likely,I create my own password,N/a,N/a,I don’t fully understand it nor am sure my understanding of what I thought it is was correct. ,N/a,No. I will continue to be vigilant and maintain multi factor authentication in place. I can’t create the level of password combinations that would be required for the immense amount of sites needing them in place. ,Reinforced but much the same. 
R_2no2D0eNu1ljH9V,"Yes, I consent",Female,35-44,8-12 characters,"letters, numbers and symbols",Often,For remembering ,Sometimes,A place were I securely keep my password ,Multi-Factor Authentication (MFA) is a security method that requires more than one step to confirm your identity when you log into an account.,When your information on the data base are tempered with;by unauthorized persons ,on password Manager,Yes,In order to remember.,Yes,I tell them to assist me work on a certain information.When I am indisposed.,Very likely,I create my own password,,It is the best way to secure my data,Yes,Yes,Yes;Because I have come to know more about password manager and other means of securing my account.,"After this survey and videos,I have acquired more knowledge on how to secure my accounts."
R_9MF4rxkMiidR22P,"Yes, I consent",Female,45-54,8-12 characters,"letters, numbers and symbols",Sometimes,Convenience ,Sometimes,Somewhere to create and manage passwords ,Additional option on top of password ,When access is compromised ,I don't store my password anywhere,Yes,Streaming ,No,Na,very unlikely,I create my own password,N/a,No . It hasn’t changed ,Not changed,Not changed,N/A,N/A
R_9ERci1U43uwnbp8,"Yes, I consent",Male,45-54,8-12 characters,"letters, numbers and symbols",Often,To remember ,often,Program that stores passwords for different sites for ease of access,An extra layer of authentican to confirm identity ,A computer system being targeted for a specific purpose ,I don't store my password anywhere,No,,No,,Very likely,I create my own password,,No,No change ,No change ,No. I like knowing my passwords ,Very aware
R_4eh0axqyySyYcFO,"Yes, I consent",Female,45-54,8-12 characters,"letters, numbers and symbols",Often,So I don’t forget ,often,Something that creates strong passwords,Several methods of incription protecting passwords,Devices/networks being hacked into by foreign entities ,on my phone notes app,No,N/A,No,N/A,Somewhat likely,I create my own password,N/A,Better understanding of what it actually means (factually),Unrealised my passwords are not strong enough and I’m using the same one too often,I realised there are different types of cyber attacks and the definition of what it actually means,Definitely as I have been too complacent ,Much more aware of why I need to have better more complicated passwords and why I have been compromised in the past 
R_4ToZbpMn4rhkF4R,"Yes, I consent",Male,18-24,8-12 characters,letters and numbers,Never,,often,Manages passwords amongst other things ,"Extra secure ways to secure passwords e.g. Face ID, thumb print etc. ",Someone from some unknown place hacks into your technology and threatens you ,on password Manager,No,,No,,Somewhat unlikely,I create my own password,,It changed for the better. I know more about it now ,It changed for the better. I know more about it now ,It changed for the better. I know more about it now ,Yes I will. It shows me that I’m not fully securing my passwords correctly ,It was a 6/10 when I started but now it’s a 9/10. More room to learn 
R_9nYILLkTA4k8mPX,"Yes, I consent",Female,18-24,8-12 characters,"letters, numbers and symbols",Often,For convenience ,Never,A software that creates strong passwords ,A security system that requires at least two different methods of identification ,The gain of unauthorized access to any kind of network or digital device ,In a book/diary,No,,No,,Somewhat unlikely,I create my own password,,Not really ,Not really ,Not really ,Not really ,I feel a bit more informed about this topic 
R_4Gj1oevFc0wLMOO,"Yes, I consent",Female,18-24,Less than 8 characters,letters and numbers,Sometimes,"It’s easy to remember the password
",Never,Something that managers a password ,No idea ,When someone is trying to hack into your system ,on my phone notes app,Yes,We share the same account ,No,,Very likely,I create my own password,,It is grate way to do so,Something different ,It’s very helpful ,Yes definitely passwords are stuff we have to be careful of in our day to day lives ,I feel like I learned so much about the subject and how I can manage it better 
R_9emZSKmIMFhfjMJ,"Yes, I consent",Female,18-24,Less than 8 characters,"letters, numbers and symbols",Often,So I can remember them ,often,I don't know sorry ,I don't know sorry ,I don't know sorry ,on my phone notes app,No,N/A,No,N/A,Somewhat likely,I create my own password,N/A,"MFA is having access to two or more things, which smart card, biometrics and password/ pin. ",Password manager change is it’s a software that helps store passwords and manage your passwords securely. ,My knowledge change on Cyber attacks are that people can easily hack in. ,I think I will change the way I manage my passwords because then I know I’m protected and won’t get hacked. ,My awareness is better now that I know the risks of security and cyber threats. 
R_920eKV19CUpEaDR,"Yes, I consent",Female,25-34,12-16 characters,"letters, numbers and symbols",Sometimes,I have a system when formulating my passwords so i don't forget them. Every password is different though but I would use that particulsr password for that specific business etc. So changing/updating it can pose problems to my pattern.,often,A technology that is possible to be breached which is why i don't use them.,A good tool that acts as an extra lsyer of security.  On several occasions I have rcvd messsges which alerted me thst someone was attempting to use my login.,Any type of attempt made to access data that is not rightfully theirs.  In particular in cases where identity theft is at play and in cases where the purpetrator stands to gain unlawful gains (usually money) from the transaction.,I don't store my password anywhere,No,N/a,Yes,One trusted family member,very unlikely,I create my own password,N/a,Video would not load,It didn't but I will say the characters sound just like those in Tomidatchi Life lol,It didn't but I am also not a fan of keeper having had to use it for a year at work.,I don't think it will change the way I generste my passwords but i know some folks who reslly do need to be more careful.,It has just reminded me of all the reasons i go to such ldngths to create a unique password for everything.
R_9geIFPpGoM3S8tu,"Yes, I consent",Male,over 65,Less than 8 characters,only letters,Always,Because it's easy to remember ,Never,I don't know ,I'm not sure ,A hackers trying to steal information ,In a book/diary,Yes,In case i forget ,Yes,It's easy access ,Very likely,I create my own password,No ,Learnt something new,I don't know ,Increased ,May be not sure.,Increased 
R_410eIljgEsFvwqX,"Yes, I consent",Female,over 65,Less than 8 characters,only letters,Always,For ease of use ,Always,I don't know ,I don't know ,Stealing data,on a document,No,,Yes,Incase i forget ,Very likely,I create my own password,,I gathered knowledge for the first time ,I understand but it's complex,Increased ,Yes... I might try different passwords ,Very good 
R_4cBELu4SiK87t7q,"Yes, I consent",Female,18-24,12-16 characters,"letters, numbers and symbols",Often,"Easier, so I don’t forget and need to reset it everytime. It’s not always because some accounts won’t let me reuse old passwords and require regular password changes. ",Always,Stores all your passwords in one place ,Two or more steps to verify identity when logging in,Attempt to breach systems or devices.,on password Manager,Yes,For sharing streaming accounts and anything shared with family ,Yes,Sometimes if I can’t login myself at the time and need someone else to do it or if it’s a streaming account where a friend/family member needs the password.,Very likely,I create my own password,,I had a general understanding of MFA like general text and email authentication however the video showed how there are many different examples. I didn’t realise there were so many variations of MFA so I feel I have gained more insight.,"While I do use a password manager, I do generally still reuse passwords which isn’t a good practice, however I’ve never considered using a password manager to generate strong and unique passwords previously so I might consider this when creating new account passwords. I have gained more knowledge on the usefulness of password managers.",I had a very basic/broad understanding and definition of cyber attacks. However after watching the video it changed into understanding the different types of attacks and how to actually avoid these attacks myself. I realised why and how these attacks happen and to avoid them. ,"Yes I’ve always reused passwords for convenience however using password managers seems like a simple and secure way to access passwords and stay safe online. I would consider using it more to keep my passwords unique, strong and secure.   ","I have much better understanding than I did previously. I hear a lot of MFA and cyber attacks, but i don’t often hear much detail about them. Watching the videos have given me a deeper understanding of the topics."
R_9kuZPPzTnhUp1jR,"Yes, I consent",Male,35-44,12-16 characters,A passphrase,Never,Na,often,"software which can stores, populate and autofills passwords",Two or more independent firms ,"damage, steal from computers and devices ",on password Manager,No,Na,Yes,Trust,Somewhat likely,I create my own password,Na,It increased. Thank you. ,Increased,Increased ,"Yes, I’m generally good at this due to work. However good to see the videos and a chance to think about my own security in regards to passwords. ",Improved. Always open to learning. 
R_9NxqodlF70oN7eZ,"Yes, I consent",Female,over 65,8-12 characters,"letters, numbers and symbols",Never,Na,often,Don’t know ,No idea ,No idea ,In a book/diary,Yes,Tv with family ,Yes,Family ,Somewhat unlikely,I create my own password,Na,Very good ,Nice ,Good knowledge ,Something to think ,Mind opening 
R_9MISvFO4tcuiOvT,"Yes, I consent",Male,over 65,8-12 characters,"letters, numbers and symbols",Often,Cannot remember ,often,Don’t know ,Don’t know,Internet thieves,In a book/diary,Yes,Family ,Yes,Family in case I am sick ,Somewhat unlikely,I create my own password,.,Good,Understand ,Good,Very good ,Great
R_9WUvgRjGpEVFRv7,"Yes, I consent",Male,45-54,8-12 characters,"letters, numbers and symbols",Sometimes,Having multiple password need to rember each time login to accounts and there is a tendency to forget. ,often,Tool that stores and protects passwords,More then one way to prove your identity logging to account ,Unauthorized access to systems ,I don't store my password anywhere,No,,No,,very unlikely,I create my own password,,IT security and user conviniance ,Generate strong passwords and convininant to use one,"Creating stong password, authorizing MFA, softwaere updates",Yes irs ,Got indepth knowledge on how to protect your data. 
R_3r2rZeGkOHdrhbx,"Yes, I consent",Male,35-44,Less than 8 characters,"letters, numbers and symbols",Never,NO,often,a place where to store the passwords ,two or more verifications before the final task,hacking,I don't store my password anywhere,No,,No,,very unlikely,I create my own password,,I already know about this,better to use a password manager app in future,need to learn more about cyber attacks,i have my own unique technique or a patter for creating a password which i never forget ,need to learn more about cyber threats
R_4e4vTsE7HMaEguR,"Yes, I consent",Male,35-44,12-16 characters,"letters, numbers and symbols",Never,,Sometimes,An application where you can create store and manage complex password of multiple accounts.,"Method of authenticating a user/account by multiple factors such as combination of password, biometric or OTP. Providing only password will not grant access to the user account. ","Blocking, modifying or gaining control/access of an user account, application, system or network by an authorized personnel by exploiting a vulnerability. ",on password Manager,No,,No,,very unlikely,other,Sometimes by me and sometimes using password generation tool in password manager. ,Nothing because I already aware ,No. Since I'm already aware about password manager and using in my daily life. ,Didn't add anything new to my current knowledge about cyber attack. ,I'm already aware and following best practices in managing passwords,Didn't make any difference. 
R_4UXI9aFRjEHytD6,"Yes, I consent",Female,55-64,Less than 8 characters,letters and numbers,Often,Easy to remember ,often,No idea,No idea ,No idea ,I don't store my password anywhere,No,,No,,Very likely,I create my own password,,Remember i use mfa at work ,Knowledge increased,Knowledge increased,Yes to improve security ,Knowledge has increased 
R_9QKyXOzNKI7Po9E,"Yes, I consent",Male,18-24,8-12 characters,"letters, numbers and symbols",Always,"Being able to log in to other devices where log in information is not saved, and general ease of login especially for when only a limited number of attempts are allowed.",often,"Software that stores, generates and autofills account information",An additional layer of verification used to prove you are the account owner,Malicious attack against someone or an organisation from an external party via virtual means,on my phone notes app,No,,No,,Very likely,I create my own password,,,,,,
R_9k0xB7eG2hdiEon,"Yes, I consent",Female,55-64,Less than 8 characters,"letters, numbers and symbols",Sometimes,To be able to recall as not to forget the password ,Sometimes,,,,,,,,,,,,,,,,
R_9RnfiR0F4eXimCB,"Yes, I consent",Female,18-24,8-12 characters,"letters, numbers and symbols",Often,To be easier to remember my passwords without needing to note them down,often,To be completely honest I am not sure ,Have at least 2 ways of authenticating sign into things,When someone/something bugs a server to collect data for negative usage,on my phone notes app,No,N/A,Yes,So they can access streaming services,Somewhat likely,I create my own password,N/A,,,,,
R_92FMEjaA4M2FBgt,"Yes, I consent",Female,18-24,8-12 characters,"letters, numbers and symbols",Often,Easier to remember ,Always,The software on your phone that saves all of your passwords for you?,Where you have to approve you're really you on a different platform such as email or text,An attack that's onliine. It could be a data leak or scams?,on my phone notes app,Yes,Familiar names and then no need to come up with your own ones,Yes,Sharing accounts for Netflix etc or if you're getting them to do something for you,Very likely,I create my own password,,,,,,
R_9nE6yxGpwhYc0Ap,"Yes, I consent",Male,18-24,8-12 characters,"letters, numbers and symbols",Never,,Sometimes,,,,,,,,,,,,,,,,
R_9dwYbBt07nCOl6p,"Yes, I consent",Male,18-24,8-12 characters,"letters, numbers and symbols",Never,Na,Sometimes,Yes,Yes,Yes,on password Manager,No,Na,No,Na,very unlikely,other,Na,Great,Good,Good,Aware of it,Aware
R_9s587gyLsPL4s1d,"Yes, I consent",Female,45-54,8-12 characters,A passphrase,Sometimes,Because how many different passwords can a person actually remember?,Never,A place to securely store passwords to the plethora of sites we are signed up to.,An additional layer of security when accessing sites.,Infiltration of an unauthorised entity into an online site,on password Manager,No,.,Yes,Husband and teenage son - we share some accounts so we don't have three separate accounts. E.g. subscription sites,Somewhat likely,I use password generation tool,.,More detailed info but I think I had the general concept ,"Learned that the password generator is part of this, otherwise I has the general idea. ",Not much - I work for a company that embeds this learning into mandatory annual training. ,"Not really. I already use a password manager which generates complex passwords, and I have MFA for important accounts. I guess I'll be more mindful of whether those shared accounts my kid and husband access have distinct passwords that are completely unlike other passwords. ",A little better. It's provided clarity on some things that I can improve. 
R_4mqhZQjhV7WgtyZ,"Yes, I consent",Female,25-34,8-12 characters,"letters, numbers and symbols",Sometimes,"When there is no access to MFA, I find it easier to remember same passwords or need to reset passwords quickly. Resort back to same passwords.",Sometimes,A program designed to remember passwords and may provide suggestions for strong passwords.,An additional step in autheticating my password that is usually part of an app.,"When online information is leaked or stolen, and threaten to be used against a person/company.",on password Manager,Yes,For shared banking and health insurance.,Yes,They needed access to be able to log in.,very unlikely,other,I use a combination of password generation tool when option is given (ease of use) and resort to creating own password when option not given.,A clearer understanding of the definition of MFAs. I knew it was an additional step in confirming identity but didn't realise how many authentication methods are now available to increase the ease of use.,I would say about the same. They're very easy to use when available.,"I didn't realise cyber attacks could happen in so many different ways (e.g., not updating software). Increased my understanding of ensuring all devices and software is up to date and to back up my data.","Yes. I will be make sure I am safeguarding myself from cyber attacks by following the tips provided in the video. For passwords that don't link up with my password manager, I will ensure I link them up manually to ensure stronger passwords are generators and am less inclined to use same passwords.","When MFAs were introduced, I found them inconvenient at times and timely. Now I understand their purpose for security and cyber threat prevention. I have a greater acceptance of MFAs."
R_9QsqZfflY9iv33z,"Yes, I consent",Male,25-34,8-12 characters,"letters, numbers and symbols",Sometimes,Easy to remember ,Sometimes,No,Yes,Y,In a book/diary,No,N,No,N,Somewhat likely,I create my own password,N,G,G,G,Really nice ,Nice 
R_9Y8NpJ8zQAcFAZv,"Yes, I consent",Female,25-34,12-16 characters,"letters, numbers and symbols",Never,No,Always,No,Yes,Don’t know,on my phone notes app,Yes,Media entertainment passwords ,No,N,Very likely,I create my own password,N,G,G,G,Good ,Good
R_9q9R0ZPYjv075P0,"Yes, I consent",Male,35-44,8-12 characters,letters and numbers,Sometimes,Easy to remember ,Always,No,Yes in office ,No,on my phone notes app,No,Na,No,N,very unlikely,I create my own password,N,G,G,Lot to think about ,Good ,Good
R_9BEa1XGYbBoFI6l,"Yes, I consent",Male,45-54,12-16 characters,"letters, numbers and symbols",Always,bad memory,Always,no,no,no,In a book/diary,Yes,tv shows,Yes,in case of emergency,Very likely,I create my own password,n, educational,educational,educational,good to know,good to know
R_9D22IyyoLUngAET,"Yes, I consent",Male,55-64,12-16 characters,A passphrase,Sometimes,easy,Always,no,yes,no idea,on my phone notes app,No,n,No,n,very unlikely,I create my own password,n,excellent,good,good,good information,good information
R_4pRezf0CqkYPqT3,"Yes, I consent",Male,over 65,Less than 8 characters,letters and numbers,Always,cannot remember,often,no,no,no,In a book/diary,Yes,family,Yes,family,Somewhat likely,I create my own password,n,good,good,goood,good stuff,good stuff
R_9ekTgYWk0KXbA2M,"Yes, I consent",Female,18-24,12-16 characters,"letters, numbers and symbols",Often,easy,Sometimes,no,yes,no,on my phone notes app,Yes,friends and family,Yes,family,Somewhat likely,I create my own password,n,interesting,g,g,good,good
R_91nP1RqUJIz9zln,"Yes, I consent",Female,25-34,8-12 characters,A passphrase,Sometimes,convivence,Sometimes,no,yes,no,on my phone notes app,No,n,No,n,Somewhat unlikely,I create my own password,n,excellent,good,nice,yes,better
R_4wrOiPuYHG0V7Mt,"Yes, I consent",Female,35-44,More that 16 characters,A passphrase,Often,no problems,Sometimes,no,yes,yes,In a book/diary,No,n,No,n,Somewhat likely,I create my own password,n,yes,yes,yes,great,yes
R_9Lvtl5fZ7re7Ka7,"Yes, I consent",Female,45-54,8-12 characters,"letters, numbers and symbols",Never,,Sometimes,A tool that stores passwords,An additional security step to help ensure it is the right person,An attempt by criminals or other players to illegally access online information ,on a sticky note,No,,Yes,Netflix,very unlikely,I create my own password,,It didn’t ,It didn’t ,It didn’t ,Continue to be careful ,Same 
R_9UfRT2TtwrWX0Xm,"Yes, I consent",Female,25-34,8-12 characters,"letters, numbers and symbols",Often,easy,Sometimes,no,yes,yes,on my phone notes app,Yes,family,No,no,Somewhat likely,I create my own password,no,new stuff,good,better,good experience,yes
R_44eNwoEQR7DQs2s,"Yes, I consent",Female,45-54,8-12 characters,letters and numbers,Sometimes,memory,Sometimes,no,yes,no,In a book/diary,Yes,family,Yes,family,Somewhat likely,I create my own password,n,improved,improved,good,good,good
R_9KvFs398jZeDkbi,"Yes, I consent",Female,55-64,8-12 characters,letters and numbers,Often,cannot remember,often,no,no,no,In a book/diary,Yes,close family,Yes,immediate family ,Somewhat likely,I create my own password,no,quite interesting,quite interesting,really good ,good knowledge,its opened my eyes
R_4RmZN1sJkA8nxzn,"Yes, I consent",Female,55-64,8-12 characters,letters and numbers,Always,quick and easy,Always,no,no,no,In a book/diary,Yes,my children,Yes,my children,Very likely,other,help from children,good,good,good,too technical for me,now aware of cyber crime
R_9TYpygQ8MMLjCF7,"Yes, I consent",Female,over 65,Less than 8 characters,letters and numbers,Always,easy,Always,no,no,no,In a book/diary,Yes,family,Yes,family,Very likely,other,family to help,very good,very good,good but bit technical,alot to think,yes will change the way i use passwords
R_9xQNweBANLEDMQv,"Yes, I consent",Male,18-24,Less than 8 characters,letters and numbers,Sometimes,quick and easy,often,no,password protector,criminal accessing your computer,on my phone notes app,No,n,No,n,Somewhat unlikely,I create my own password,n,no change,no change,no change,great awareness,food for taught
R_40IRUaib5Zf6qU5,"Yes, I consent",Male,over 65,8-12 characters,"letters, numbers and symbols",Always,Easy to remember,often,im not sure,im not sure,something to do with computer systems and loosing data,I don't store my password anywhere,Yes,So they can remember passwords for me,Yes,to help remember,Very likely,I create my own password,,I know more about MFA,i understand the use case ,i understrand more about it,its still unlikley. but i will try have better habbits,better
R_41tUInyf82J3XMe,"Yes, I consent",Male,over 65,12-16 characters,"letters, numbers and symbols",Sometimes,I use a formula so each one is th variation on a theme. I do so for ease of remembering but I am moving to long complicated passwords stored in a vault for sites that will generally access on my PC,often,A. Vault that stores your passwords and can also generate random passwords of high complexity ,Where extra layers of security are used such as password and a code sent to an email or phone ,A malicious attempt to illegally access an individuals ir an organisations systems or to disable them,on password Manager,Yes,Streaming service only and password not used for anything else ,Yes,Only for a streaming service ,Somewhat unlikely,other,I do both. Yes generator sometimes ,I think I knew all this but it is a good quick summary ,"I think I knew all this but it’s a good summary 

Apart from the bit when the person says the password manager topic is really interesting 😀","Most of it I knew but I did pick up two good tips 

Good video ",I think mostly I follow these steps but it is a good reminder not to get lazy with password setting,Improved
R_9SAggytSOIMqdd8,"Yes, I consent",Male,55-64,12-16 characters,A passphrase,Often,To remember it,often,Automatic password generator,More than one method to use password eg face recognition and password,Attempt to access your/an entities  information by another group,I don't store my password anywhere,Yes,Stan and netflix,Yes,Partner as she needs access sometimes,Somewhat unlikely,I create my own password,NA,Not alot,Already aware of the information,I am aware of most of the information,No as I use MFI already,About the same
R_9qahVl1cnnOGykv,"Yes, I consent",Female,45-54,8-12 characters,"letters, numbers and symbols",Often,Easy to remember,often,The program that stores all of your passwords. ,Using a format other than a password to gain access such as Face ID. ,Illegal access to a website CRM. ,In a book/diary,Yes,Yes for family movie/music streaming accounts. ,Yes,For them to access shared accounts. ,Somewhat likely,I create my own password,NA,It became clearer. ,Better understanding of how they work. ,Much better understanding. ,Yes. I tend to use the same/similar passwords for ease but now realise I am at greater risk of cyber attack. ,Much greater awareness of the necessity to protect passwords. 
R_9ciTEf4K5A17uqC,"Yes, I consent",Male,55-64,8-12 characters,"letters, numbers and symbols",Often,Easy to remember ,Sometimes,an app or similar that securely stores and remembers a user's passwords ,"an added layer of security, e.g. a pass code sent via SMS",The unauthorised attempted or completed access to digital information by means of IT,on password Manager,No,N/a,No,N/a,Very likely,other,"My passwords are derived from my own invented geography, which nobody has access to",No change ,No change ,No change ,"No, I am aware of risks and handle passwords accordingly. One of my accounts was recently successfully hacked, the hack was detected, reversed and obliterated by myself. ",No change 
R_4ey8GvUEkRVLx6a,"Yes, I consent",Female,55-64,12-16 characters,A passphrase,Sometimes,Low risk commonly used apps,Sometimes,A proven secure storage and usage of creds,At least 2 of something you know; something you have; something you are,"Malicious breach of assets of value connected via the internet. Includes information / data or OT, IOT",on password Manager,No,,No,,Somewhat unlikely,other,Both,It hasnt,It hasnt,It hasnt,Ive worked in cyber security for 30 years so understand the risks,No change
R_9TmEDhPKEAF7YVd,"Yes, I consent",Female,18-24,12-16 characters,"letters, numbers and symbols",Sometimes,"I use a ""modified"" version of a specific phrase specific to each login ",Sometimes,A system that securely holds login information for all saved logins (including passwords),Secondary system to confirm access to an account using a method typically only accessible by the account owner (i.e. email or phone),Unauthorised access to information or accounts ,I don't store my password anywhere,Yes,"Shared streaming services. I frequently check the device list that shows who is logged in and there is MFA. The shared password is completely different to any personal passwords
",No,NA,Somewhat unlikely,I create my own password,NA,Not much,Not much,Not Much,"Not likely as I use very long, complex passwords that I dont forget easily",No change
R_4EAdoNS90zpX0CQ,"Yes, I consent",Male,over 65,12-16 characters,"letters, numbers and symbols",Sometimes,Doesnt worry me to use similar but not same  passwords on unimportant apps or websites. ,Sometimes,A fairly safe place to store passwords but not the most important ones such as bank passwords.,A fucking nuisance because I don't believe they add much extra protection and they are inconvenient when trying to access services from remote locations.,A large attack on multiple users of the same system/s.,on password Manager,No,I don't.,No,I don't ,very unlikely,I create my own password,X,No change,"No change
",No change,No am happy with my current practice.,No change
R_4doYwdSJP6LgWJD,"Yes, I consent",Male,45-54,12-16 characters,A passphrase,Never,Na,Never,"An app that generates and stores strong, unique passwords or passphrases","An additional means of authenticating, typically being something you have",Fradulent activity undertaken dogitally,on password Manager,Yes,Shared device (eftpos terminal) that doesnt support multiple passwords,No,Na,very unlikely,I use password generation tool,Na,Minimally,It didnt,Somewhat,No,Excellent
R_4NntSvafI4Mi9Y3,"Yes, I consent",Male,45-54,12-16 characters,"letters, numbers and symbols",Never,,Never,"Application to manage pw life cycle, form filler",2 separate but linked mechanisms to prove credentials. ,"Number of things, from ddos, ransomware, to data ex filtration, MiM…",on password Manager,No,,No,,very unlikely,I use password generation tool,,"Not really, reinforcing what I know.",No,Not really.,"No, I use password manager already. User Mfa a 2fa everyday as part of my job.",No change.
R_9je3WR172y6VT1w,"Yes, I consent",Female,over 65,8-12 characters,"letters, numbers and symbols",Sometimes,I have approx 100 passwords. Plus facial and digital recognition. The latter two are unreliable. I done have the imagination or the patience to remember that many. I tend to double/treble/ntuple  up with tv channels; with online shopping; with entertainment venues; etc.  The master key holders cannot always be relied upon.,Sometimes,"Not something I have. I imagine it is intended to keep track of passwords for different sites and automatically supply them, but …","Strange question. It is self-descriptive. Maybe a password and a digital print, or a password and answer to one or more questions etc.",Strange question. So self-descriptive that it needs no further description.,on password Manager,No,,No,,Somewhat likely,other,Both. Self-created stays in my memory; generated one needs to be noted in a book and stored in a manager.,It didn’t. The term is self-descriptive.,"It didn’t. Not for a password manager, anyway. A password manger might be a different story 😀",It didn’t.,"No, because I have no new knowledge. I do think the l videos are excellent as introductions to the terms.",Same.  But I think the videos are good and would be excellent as introductions for people just encountering lack of security.
R_9QMhetMuQWtqpU8,"Yes, I consent",Male,25-34,8-12 characters,"letters, numbers and symbols",Always,Ease of remembering ,Always,A piece of software that stores passwords,A way of ensuring that a person is actually signing in to an account even if they use the right password e.g. password + email or password + SMS code etc.,"A forced, unaotjoris attempt to access private online account ",I don't store my password anywhere,No,,Yes,My wife knows some passwords to access my phone and computer ,Very likely,I create my own password,,Yeah if did - so just means more than one factor ,No ,No,"Hm I guess I can consider a password manager. I guess my concern has always been what if the password manager gets hacked but maybe this is just a bias on my part. Also, I don't want to have to pay for another subscription. But I will look into it. ",Slightly better. I would say my knowledge was fair already considering my age.
R_9cwTAyvQBhKmzjk,"Yes, I consent",Female,over 65,12-16 characters,"letters, numbers and symbols",Sometimes,Easy to remember for things that don’t matter ,Sometimes,A password storage ,Using more than one identifier,When someone is able to hack into a business or other large company ,on my phone notes app,No,,No,,Somewhat likely,I create my own password,,It didn’t ,Marginally,Not really,No. Too many passwords I actually prefer secret questions.pretty much the same,Not much
R_9Ow5G8mEhWa9i2A,"Yes, I consent",Male,over 65,8-12 characters,"letters, numbers and symbols",Never,NA,Never,My password manager is a Word document using cryptic clues to the password and not the actual password.,"As well as a user name and password, something in addition such as responding to a text message asking to enter a code into a field on the screen or facial recognition.",A nefarious intrusion into the computer or an attempt to make one.,on a document,No,NA,No,NA,very unlikely,I create my own password,NA,This is what I understood as multi factor authentication. ,I would never trust a password manager. What happens if the password manager is hacked and compromised. I can never know exactly how secure they are. I have a much safer method that involves no third party.,The video pretty well covered my understanding. ,Nothing will change other than perhaps more regular saving data on an external hard drive in the unlikely event of a cyber attack or more likely hard disc failure of my computer.,I was well aware of the information. But I trust no one with my passwords including a password manager.
R_92EFQD60pvKY6AV,"Yes, I consent",Female,over 65,8-12 characters,"letters, numbers and symbols",Sometimes,for sites I consider unimportant like online shopping,Sometimes, I don’t really know but is it a softwear program that stores and maybe generates password for you?,When there is more than one step. For example a bank sends a code to your phone.,I’m not really sure but is it a hacker or someone getting into your computer for their own purposes?,In a book/diary,No,NA,No,NA,very unlikely,I create my own password,NA,Yes. It improved and clarified my knowledge.,Definitely improved. I might get one.,Knowledge improved. I do almost all the suggestions but maybe need to life my game a bit more.,I shall look into using a Password Manager (though I do enjoy making up my own convoluted ones) and I will rewatch the Cyber Attack Video for anything further I should do.,I’v learned quite a lot which may lead to action.
R_429VSChNQfKsCnY,"Yes, I consent",Female,45-54,8-12 characters,"letters, numbers and symbols",Always,To remember ,Sometimes,Saves your password and login info ,Uses different methods to confirm your identity after you write your password like text message or email. ,Trying to get your login to access your personal information like bank details for finiancial or identity theft. ,I don't store my password anywhere,No,No (won’t allow me to leave blank),Yes,To login my laptop and email me my form. ,Very likely,I create my own password,Other (won’t let me leave blank),It didn’t ,A lot. Can’t your password manager get hacked? ,Increased. I don’t know about the ransom. ,Yes. Probably will look into password manager,Learnt more than I expected. Thanks. 
R_4OIsZLnuq69aAhu,"Yes, I consent",Female,over 65,8-12 characters,"letters, numbers and symbols",Often,So I can remember it.,often,I don’t really know. Maybe a local password storage cache that is somehow firewalled.,When an account requires more than one identifying input to open. Ie password plus authentication code. Could also include a biometric input.,A concerted effort to bypass security measures to gain access to an intranet.,on my phone notes app,No,,Yes,To share streaming services. ,Very likely,I create my own password,,Not much. ,Somewhat. I still don’t know how secure a password manager is. Probably more than a notes app.,Not much.,"No, I’m ok with my current system. Although now I’ve told you where I store my passwords, I’ll probably want to change that.",I was already fairly aware.
R_9viTdc6eqRYC5Xf,"Yes, I consent",Male,over 65,12-16 characters,"letters, numbers and symbols",Never,n/a to my response,Never,"A secure repository that is used to generate, store, and retrieve appropriate passwords that we can no longer hold in memory",Using an alternative source ostensibly under your control to verify your identity during a sign in process,"A computer driven attempt to circumvent security protocols through hacking, brute force attempts, or  phishing. Often uses passwords from data breaches. ",on password Manager,No,n/a,Yes,Trusted family only,very unlikely,I use password generation tool,n/a,Not at all. Why am I watching an advertisement?,Not at all. This is one of worst AI generated clipd I've seen.  ,"Not at all. The survey structure doesn't allow detailed exploration of my knowkedge. This is a limitation in your survey. If you tested via multiple choice or the like you might get closer. Self report is one if the weakest research methods. If this is a higher level degree, try multiple approaches to your research questions. If they converge you're likely on the right track. ","No. I've never been hacked and use the best processes.  Mind you once effective quantum computers are introduced, the length and complexity of passwords are going to require everyone to use sophisticated password managers linked to biometric validation. Of course if Claude can really identify all the vulnerabilities the login process is the least of our worries. Why log in when you can change the system directly?  ","No difference, sorry. "
R_4ncND4Dgtw08TSL,"Yes, I consent",Female,over 65,8-12 characters,"letters, numbers and symbols",Sometimes,"Laziness, inability to think of new ones under pressure. And general lack of understanding of computers.",Sometimes,"a programme in my computer that stores passwords, especially useful for those bizarre ones that get allocated to you.",When access to something requires a code to be sent via email  or SMS? Not quite sure.,lots of things. An attempt to get in where someone isn't supposed to. Attack by sheer numbers of attempts. Running through dictionaries to crack passwords. Lots of evil things.,on password Manager,No,,Yes,"It was my password for Facebook, and I was in hospital, and wanted to let people know, so I gave it to a very close friend, and she posted on my behalf. ",Somewhat likely,I create my own password,"Your storage question only allowed for one response. I use a password manager, and I write them down in a notebook.",It scared the heck out of me. More things to remember with a computer. ,My knowledge gained was that Password Managers don't know the difference between 'advice' and 'advise'. Off putting graphics and voices. ,"WHy does the cyber criminal have a hood on his head indoors, and work in a darkened room? Surely he doesn't need to physically hide? Offputting stereotypes. My knowledge did not change.",I don't want to change. ,Same.
R_4I3sq4i3odGfvlh,"Yes, I consent",Male,45-54,More that 16 characters,A passphrase,Never,N/a,Sometimes,"A tool to remember passwords for me, so I don't have to.",Requiring me to prove my identity in more than one way.,An attempt to cause harm by remotely connecting to a system.,on password Manager,Yes,"Community groups often share passwords, such as to a shared gmail account.",No,N/a,very unlikely,I use password generation tool,N/a,No change,No change,No change,I won't. I already use a password manager to create and store my passwords.,"No change, I already had a thorough understanding."
R_3G6x7oZHm7u61mN,"Yes, I consent",Male,over 65,8-12 characters,"letters, numbers and symbols",Sometimes,time pressure to come up with one and not forget it before you can write it down or save it,Sometimes,a program that generates and catalogs passwords.,"requiring the involvement of more than one device
",an attempt to bring an online presence to a halt. Deny functionality.,on password Manager,Yes,same business account ,Yes,"only after ceasing to use it. It was, I thought, amusing. ",very unlikely,I use password generation tool,,"added biometrics
",not at all,"same
","no. I am doing all the right things and transitioning my old accounts and passwords.
",only slightly improved. 
R_9MWHJ8WXuwxOCHN,"Yes, I consent",Male,45-54,8-12 characters,letters and numbers,Always,Memory,Always,Stores your passwords,Second device to make sure it is you,Hacker accessing data,on my phone notes app,Yes,Easy to share,No,Easy,Very likely,I create my own password,No,,,,,
R_9fOjUWHap5jsExK,"Yes, I consent",Female,55-64,More that 16 characters,A passphrase,Sometimes,Easier to remember as I don’t like to save ,often,Where you store passwords ,2 options to confirm your password ,Someone stealing information for monetary gain ,In a book/diary,No,,No,,Somewhat likely,I create my own password,,,,,,
R_4YFZzTulpefB9Xi,"Yes, I consent",Male,55-64,More that 16 characters,A passphrase,Never,,Never,A database the securely stores passwords ,Something you know and something you have,Unwanted cyber intrusion or data breach,on password Manager,No,,No,,very unlikely,I use password generation tool,,,,,,
R_9rk3poEjvZKCMpy,"Yes, I consent",Female,over 65,8-12 characters,"letters, numbers and symbols",Often,So I remember it,often,Database storing various passwords for different websites,When there are a few steps in proving your identity.,When an entity gains access to your accounts and sabotages them,on my phone notes app,Yes,Wifi and movie streaming we commonly use,No,Only for wifi,Very likely,I create my own password,N/A,,,,,
